{
  "selection_metric": "precision_then_pr_auc",
  "selection_threshold": 0.62,
  "selected_model": "Random Forest",
  "validation": {
    "logistic_regression": {
      "roc_auc": 0.6582262031837379,
      "pr_auc": 0.4944872426033015,
      "precision": 0.0,
      "recall": 0.0,
      "f1": 0.0,
      "confusion_matrix": [
        [
          743,
          0
        ],
        [
          435,
          0
        ]
      ],
      "decision_threshold": 0.62
    },
    "random_forest": {
      "roc_auc": 0.8044955987685835,
      "pr_auc": 0.7097288119763652,
      "precision": 0.7614678899082569,
      "recall": 0.3816091954022989,
      "f1": 0.5084226646248086,
      "confusion_matrix": [
        [
          691,
          52
        ],
        [
          269,
          166
        ]
      ],
      "decision_threshold": 0.62
    }
  },
  "test": {
    "logistic_regression": {
      "roc_auc": 0.6524280255565353,
      "pr_auc": 0.4802141707939166,
      "precision": 0.0,
      "recall": 0.0,
      "f1": 0.0,
      "confusion_matrix": [
        [
          743,
          0
        ],
        [
          435,
          0
        ]
      ],
      "decision_threshold": 0.62
    },
    "random_forest": {
      "roc_auc": 0.793635618260856,
      "pr_auc": 0.737476432399779,
      "precision": 0.8155339805825242,
      "recall": 0.38620689655172413,
      "f1": 0.5241809672386896,
      "confusion_matrix": [
        [
          705,
          38
        ],
        [
          267,
          168
        ]
      ],
      "decision_threshold": 0.62
    }
  }
}