{
  "roc_auc": 0.7816076504758374,
  "pr_auc": 0.7006619730335109,
  "precision": 0.7264957264957265,
  "recall": 0.39080459770114945,
  "f1": 0.5082212257100149,
  "confusion_matrix": [
    [
      680,
      64
    ],
    [
      265,
      170
    ]
  ],
  "include_chembl": true,
  "chembl_weight": 0.5
}