{
  "roc_auc": 0.7191185792844585,
  "pr_auc": 0.5968975225669053,
  "precision": 0.71,
  "recall": 0.16473317865429235,
  "f1": 0.2674199623352166,
  "confusion_matrix": [
    [
      714,
      29
    ],
    [
      360,
      71
    ]
  ],
  "include_chembl": false,
  "chembl_weight": 0.5
}