{
  "roc_auc": 0.7731238687520305,
  "pr_auc": 0.7118853419161022,
  "precision": 0.9487179487179487,
  "recall": 0.17011494252873563,
  "f1": 0.2884990253411306,
  "confusion_matrix": [
    [
      739,
      4
    ],
    [
      361,
      74
    ]
  ],
  "decision_threshold": 0.62,
  "include_chembl": true,
  "chembl_weight": 0.5
}