{
  "roc_auc": 0.7804176958651983,
  "pr_auc": 0.6979006824418532,
  "precision": 0.9056603773584906,
  "recall": 0.11136890951276102,
  "f1": 0.19834710743801653,
  "confusion_matrix": [
    [
      738,
      5
    ],
    [
      383,
      48
    ]
  ],
  "decision_threshold": 0.62,
  "include_chembl": false,
  "chembl_weight": 0.5
}