{
  "best_model": "XGBoost",
  "val_roc_auc": 0.8105173204385343,
  "test_roc_auc": 0.6913168535578808,
  "test_f1": 0.5142857142857142
}